year,quarter,cve_count,critical,high,medium,low,avg_cvss
2020.0,1.0,2490,350,1051,1037,46,7.11
2020.0,2.0,3847,496,1713,1514,96,7.12
2020.0,3.0,3943,539,1627,1670,72,7.1
2020.0,4.0,4097,623,1664,1637,128,7.12
2020.0,,14377,2008,6055,5858,342,7.11
2021.0,1.0,4789,594,1887,1740,87,7.13
2021.0,2.0,5084,591,2124,2060,126,7.06
2021.0,3.0,5711,662,2340,2400,123,7.03
2021.0,4.0,5435,751,2064,2173,99,7.12
2021.0,,21019,2598,8415,8373,435,7.08
2022.0,1.0,6280,964,2369,2521,126,7.14
2022.0,2.0,6212,1097,2592,2382,86,7.25
2022.0,3.0,6645,1122,2635,2509,151,7.22
2022.0,4.0,6656,993,2425,2614,126,7.15
2022.0,,25793,4176,10021,10026,489,7.19
2023.0,1.0,7110,1023,2627,2860,93,7.13
2023.0,2.0,7366,991,2645,3295,102,7.01
2023.0,3.0,7025,1119,2552,3104,131,7.09
2023.0,4.0,7876,1227,3026,3392,95,7.16
2023.0,,29377,4360,10850,12651,421,7.1
2024.0,1.0,8880,1277,3051,4170,157,6.98
2024.0,2.0,11993,1082,4160,6173,260,6.75
2024.0,3.0,8638,864,2967,4493,186,6.77
2024.0,4.0,10973,1028,3764,5794,232,6.74
2024.0,,40484,4251,13942,20630,835,6.8
2025.0,1.0,12362,1018,4050,6501,291,6.62
2025.0,2.0,12178,1038,3697,6615,287,6.64
2025.0,3.0,11973,1022,3713,6451,336,6.65
2025.0,4.0,13036,927,3874,6192,337,6.62
2025.0,,49549,4005,15334,25759,1251,6.63
2026.0,1.0,15715,1524,5529,6806,538,6.8
2026.0,2.0,5228,501,1919,2419,201,6.81
2026.0,,20943,2025,7448,9225,739,6.8
,,201542,23423,72065,92522,4512,6.91
